条件查询。原始表信息在SQL_6中可看到。

1. SELECT * FROM <表名> WHERE <条件表达式>;

教例。
mysql> SELECT * FROM students WHERE score >= 80;
+----+----------+--------+--------+-------+
| id | class_id | name   | gender | score |
+----+----------+--------+--------+-------+
|  1 |        1 | 小明   | M      |    90 |
|  2 |        1 | 小红   | F      |    95 |
|  3 |        1 | 小军   | M      |    88 |
|  5 |        2 | 小白   | F      |    81 |
|  7 |        2 | 小林   | M      |    85 |
|  8 |        3 | 小新   | F      |    91 |
|  9 |        3 | 小王   | M      |    89 |
| 10 |        3 | 小丽   | F      |    85 |
+----+----------+--------+--------+-------+
8 rows in set (0.04 sec)

2. 条件表达式。AND / OR / NOT

<条件1> AND <条件2>;
教例。
mysql> SELECT * FROM students WHERE score >= 80 AND gender = 'M';
+----+----------+--------+--------+-------+
| id | class_id | name   | gender | score |
+----+----------+--------+--------+-------+
|  1 |        1 | 小明   | M      |    90 |
|  3 |        1 | 小军   | M      |    88 |
|  7 |        2 | 小林   | M      |    85 |
|  9 |        3 | 小王   | M      |    89 |
+----+----------+--------+--------+-------+
4 rows in set (0.00 sec)

<条件1> OR <条件2>
教例。
mysql> SELECT * FROM students WHERE score >= 80 OR gender = 'M';
+----+----------+--------+--------+-------+
| id | class_id | name   | gender | score |
+----+----------+--------+--------+-------+
|  1 |        1 | 小明   | M      |    90 |
|  2 |        1 | 小红   | F      |    95 |
|  3 |        1 | 小军   | M      |    88 |
|  5 |        2 | 小白   | F      |    81 |
|  6 |        2 | 小兵   | M      |    55 |
|  7 |        2 | 小林   | M      |    85 |
|  8 |        3 | 小新   | F      |    91 |
|  9 |        3 | 小王   | M      |    89 |
| 10 |        3 | 小丽   | F      |    85 |
+----+----------+--------+--------+-------+
9 rows in set (0.00 sec)

NOT <条件>
教例。不在2班的学生表。
mysql> SELECT * FROM students WHERE NOT class_id = 2;
+----+----------+--------+--------+-------+
| id | class_id | name   | gender | score |
+----+----------+--------+--------+-------+
|  1 |        1 | 小明   | M      |    90 |
|  2 |        1 | 小红   | F      |    95 |
|  3 |        1 | 小军   | M      |    88 |
|  4 |        1 | 小米   | F      |    73 |
|  8 |        3 | 小新   | F      |    91 |
|  9 |        3 | 小王   | M      |    89 |
| 10 |        3 | 小丽   | F      |    85 |
+----+----------+--------+--------+-------+
7 rows in set (0.04 sec)

复合条件
教例。
如果不加括号，条件运算按照NOT、AND、OR的优先级进行，即NOT优先级最高，其次是AND，最后是OR。加上括号可以改变优先级。
mysql> SELECT * FROM students WHERE (score < 80 OR score > 90) AND gender = 'M';
+----+----------+--------+--------+-------+
| id | class_id | name   | gender | score |
+----+----------+--------+--------+-------+
|  6 |        2 | 小兵   | M      |    55 |
+----+----------+--------+--------+-------+
1 row in set (0.00 sec)

常用的条件表达式
条件					表达式举例1		表达式举例2			说明
使用=判断相等			score = 80		name = 'abc'		字符串需要用单引号括起来
使用>判断大于			score > 80		name > 'abc'		字符串比较根据ASCII码，中文字符比较根据数据库设置
使用>=判断大于或相等	score >= 80		name >= 'abc'	
使用<判断小于			score < 80		name <= 'abc'	
使用<=判断小于或相等	score <= 80		name <= 'abc'	
使用<>判断不相等		score <> 80		name <> 'abc'	
使用LIKE判断相似		ame LIKE 'ab%'	name LIKE '%bc%'	%表示任意字符，例如'ab%'将匹配'ab'，'abc'，'abcd'

 查询分数在60分(含)～90分(含)之间的学生可以使用的WHERE语句是：
 WHERE score >= 60 AND score <= 90
 WHERE score BETWEEN 60 AND 90
