基本查询。
1. SELECT * FROM <表名> --查询数据库表的数据。

教例。
mysql> SELECT * FROM students;
+----+----------+--------+--------+-------+
| id | class_id | name   | gender | score |
+----+----------+--------+--------+-------+
|  1 |        1 | 小明   | M      |    90 |
|  2 |        1 | 小红   | F      |    95 |
|  3 |        1 | 小军   | M      |    88 |
|  4 |        1 | 小米   | F      |    73 |
|  5 |        2 | 小白   | F      |    81 |
|  6 |        2 | 小兵   | M      |    55 |
|  7 |        2 | 小林   | M      |    85 |
|  8 |        3 | 小新   | F      |    91 |
|  9 |        3 | 小王   | M      |    89 |
| 10 |        3 | 小丽   | F      |    85 |
+----+----------+--------+--------+-------+
10 rows in set (0.00 sec)
mysql> SELECT * FROM classes;
+----+--------+
| id | name   |
+----+--------+
|  1 | 一班   |
|  2 | 二班   |
|  3 | 三班   |
|  4 | 四班   |
+----+--------+
4 rows in set (0.00 sec)

2. SELECT不要求一定有FROM子句。

教例。
mysql> SELECT 100+200;
+---------+
| 100+200 |
+---------+
|     300 |
+---------+
1 row in set (0.05 sec)
