修改数据_INSERT。`

关系数据库的基本操作就是增删改查，即CRUD：Create、Retrieve、Update、Delete。

对于查询，SQL_6-->SQL_13已经详细讲述了SELECT语句的详细用法。

而对于增、删、改，对应的SQL语句分别是：
INSERT：插入新记录；
UPDATE：更新已有记录；
DELETE：删除已有记录。

1. INSERT语法：
INSERT INTO <表名> (字段1, 字段2, ...) VALUES (值1, 值2, ...);
例子。
*注意到我们并没有列出id字段，也没有列出id字段对应的值，这是因为id字段是一个自增主键，它的值可以由数据库自己推算出来。
*注意，字段顺序不必和数据库表的字段顺序一致，但值的顺序必须和字段顺序一致。
mysql> INSERT INTO students (class_id, name, gender, score) VALUES (2, '大牛', 'M', 80);
Query OK, 1 row affected (0.10 sec)

mysql> -- 查询并观察结果:
mysql> SELECT * FROM students;
+----+----------+--------+--------+-------+
| id | class_id | name   | gender | score |
+----+----------+--------+--------+-------+
|  1 |        1 | 小明   | M      |    90 |
|  2 |        1 | 小红   | F      |    95 |
|  3 |        1 | 小军   | M      |    88 |
|  4 |        1 | 小米   | F      |    73 |
|  5 |        2 | 小白   | F      |    81 |
|  6 |        2 | 小兵   | M      |    55 |
|  7 |        2 | 小林   | M      |    85 |
|  8 |        3 | 小新   | F      |    91 |
|  9 |        3 | 小王   | M      |    89 |
| 10 |        3 | 小丽   | F      |    85 |
| 11 |        5 | 新生   | M      |    88 |
| 12 |        2 | 大牛   | M      |    80 |
+----+----------+--------+--------+-------+
12 rows in set (0.00 sec)

例子2. 插入两条记录。
mysql> INSERT INTO students (class_id, name, gender, score) VALUES
    ->   (1, '大宝', 'M', 87),
    ->   (2, '二宝', 'M', 81);
Query OK, 2 rows affected (0.09 sec)
Records: 2  Duplicates: 0  Warnings: 0

mysql>
mysql> SELECT * FROM students;
+----+----------+--------+--------+-------+
| id | class_id | name   | gender | score |
+----+----------+--------+--------+-------+
|  1 |        1 | 小明   | M      |    90 |
|  2 |        1 | 小红   | F      |    95 |
|  3 |        1 | 小军   | M      |    88 |
|  4 |        1 | 小米   | F      |    73 |
|  5 |        2 | 小白   | F      |    81 |
|  6 |        2 | 小兵   | M      |    55 |
|  7 |        2 | 小林   | M      |    85 |
|  8 |        3 | 小新   | F      |    91 |
|  9 |        3 | 小王   | M      |    89 |
| 10 |        3 | 小丽   | F      |    85 |
| 11 |        5 | 新生   | M      |    88 |
| 12 |        2 | 大牛   | M      |    80 |
| 13 |        1 | 大宝   | M      |    87 |
| 14 |        2 | 二宝   | M      |    81 |
+----+----------+--------+--------+-------+
14 rows in set (0.00 sec)