投影查询。

1. 即显示表的部分列。
教例。
mysql> SELECT id, score, name FROM students;
+----+-------+--------+
| id | score | name   |
+----+-------+--------+
|  1 |    90 | 小明   |
|  2 |    95 | 小红   |
|  3 |    88 | 小军   |
|  4 |    73 | 小米   |
|  5 |    81 | 小白   |
|  6 |    55 | 小兵   |
|  7 |    85 | 小林   |
|  8 |    91 | 小新   |
|  9 |    89 | 小王   |
| 10 |    85 | 小丽   |
+----+-------+--------+
10 rows in set (0.00 sec)

2. 表列显示时，重命名。
教例。
以下SELECT语句将列名score重命名为points，而id和name列名保持不变：
mysql> SELECT id, score points, name FROM students;
+----+--------+--------+
| id | points | name   |
+----+--------+--------+
|  1 |     90 | 小明   |
|  2 |     95 | 小红   |
|  3 |     88 | 小军   |
|  4 |     73 | 小米   |
|  5 |     81 | 小白   |
|  6 |     55 | 小兵   |
|  7 |     85 | 小林   |
|  8 |     91 | 小新   |
|  9 |     89 | 小王   |
| 10 |     85 | 小丽   |
+----+--------+--------+
10 rows in set (0.00 sec)

3. 复杂查询：条件查询+投影查询。
教例。
mysql> SELECT id, score points, name FROM students WHERE gender = 'M';
+----+--------+--------+
| id | points | name   |
+----+--------+--------+
|  1 |     90 | 小明   |
|  3 |     88 | 小军   |
|  6 |     55 | 小兵   |
|  7 |     85 | 小林   |
|  9 |     89 | 小王   |
+----+--------+--------+
5 rows in set (0.00 sec)

