以’--‘开头的是注释。
-------------------------------------查询数据----------------------------------------------------
讲练结合：例子，准备一个students表和一个classes表。

######################## CODE ：init-test-data.sql################################
git命令：
git clone git@github.com:michaelliao/learn-sql.git	--从该教程中down下init-test-data.sql文件

cmd下进入sql:
net start mysql			--启动服务
mysql -uroot -p			--log in sql

sql语句模式下：
show databases			--查看当前数据库文件

--如果不存在，创建test数据库
CREATE DATABASE IF NOT EXISTS test;

--切换至test
USE test

--删除classes表和students表（如果存在）
DROP TABLE IF EXISTS classes;
DROP TABLE IF EXISTS students;

-- 创建classes表：
CREATE TABLE classes (
    id BIGINT NOT NULL AUTO_INCREMENT,
    name VARCHAR(100) NOT NULL,
    PRIMARY KEY (id)
) ENGINE=InnoDB DEFAULT CHARSET=utf8;

-- 创建students表： --验证你创建的表符合期望，用DESCRIBE students;
CREATE TABLE students (
    id BIGINT NOT NULL AUTO_INCREMENT,
    class_id BIGINT NOT NULL,
    name VARCHAR(100) NOT NULL,
    gender VARCHAR(1) NOT NULL,
    score INT NOT NULL,
    PRIMARY KEY (id)    --在"id" 列创建PRIMARY KEY约束：该约束唯一标识数据库表中的每条记录。
						--DROP PRIMARY KEY可以撤销PRIMARY KEY约束
) ENGINE=InnoDB DEFAULT CHARSET=utf8;

-- 插入students记录：
INSERT INTO students (id, class_id, name, gender, score) VALUES (1, 1, '小明', 'M', 90);
INSERT INTO students (id, class_id, name, gender, score) VALUES (2, 1, '小红', 'F', 95);
INSERT INTO students (id, class_id, name, gender, score) VALUES (3, 1, '小军', 'M', 88);
INSERT INTO students (id, class_id, name, gender, score) VALUES (4, 1, '小米', 'F', 73);
INSERT INTO students (id, class_id, name, gender, score) VALUES (5, 2, '小白', 'F', 81);
INSERT INTO students (id, class_id, name, gender, score) VALUES (6, 2, '小兵', 'M', 55);
INSERT INTO students (id, class_id, name, gender, score) VALUES (7, 2, '小林', 'M', 85);
INSERT INTO students (id, class_id, name, gender, score) VALUES (8, 3, '小新', 'F', 91);
INSERT INTO students (id, class_id, name, gender, score) VALUES (9, 3, '小王', 'M', 89);
INSERT INTO students (id, class_id, name, gender, score) VALUES (10, 3, '小丽', 'F', 85);

-- 插入classes记录：
INSERT INTO classes(id, name) VALUES (1, '一班');
INSERT INTO classes(id, name) VALUES (2, '二班');
INSERT INTO classes(id, name) VALUES (3, '三班');
INSERT INTO classes(id, name) VALUES (4, '四班');

-- OK:
SELECT 'ok' as 'result:';
---------------INSERT INTO..语句语法错误：reference.1
ERROR解决：
发现因为 test数据库，所以一直提示插入错误，下载软件时候test数据就有了，所以 本人实验时，用了自己新建的数据库名字为 wang。
注意，数据库名字大小写敏感，不要写错了。
-----------------------------------------------------------
##过程##
建表后查看：
mysql> DESCRIBE students;
+----------+--------------+------+-----+---------+----------------+
| Field    | Type         | Null | Key | Default | Extra          |
+----------+--------------+------+-----+---------+----------------+
| id       | bigint(20)   | NO   | PRI | NULL    | auto_increment |
| class_id | bigint(20)   | NO   |     | NULL    |                |
| name     | varchar(100) | NO   |     | NULL    |                |
| gender   | varchar(1)   | NO   |     | NULL    |                |
| score    | int(11)      | NO   |     | NULL    |                |
+----------+--------------+------+-----+---------+----------------+
5 rows in set (0.07 sec)

mysql> DESCRIBE classes;
+-------+--------------+------+-----+---------+----------------+
| Field | Type         | Null | Key | Default | Extra          |
+-------+--------------+------+-----+---------+----------------+
| id    | bigint(20)   | NO   | PRI | NULL    | auto_increment |
| name  | varchar(100) | NO   |     | NULL    |                |
+-------+--------------+------+-----+---------+----------------+
2 rows in set (0.00 sec)
数据全部插入后查看：
mysql> SELECT * FROM students;
+----+----------+--------+--------+-------+
| id | class_id | name   | gender | score |
+----+----------+--------+--------+-------+
|  1 |        1 | 小明   | M      |    90 |
|  2 |        1 | 小红   | F      |    95 |
|  3 |        1 | 小军   | M      |    88 |
|  4 |        1 | 小米   | F      |    73 |
|  5 |        2 | 小白   | F      |    81 |
|  6 |        2 | 小兵   | M      |    55 |
|  7 |        2 | 小林   | M      |    85 |
|  8 |        3 | 小新   | F      |    91 |
|  9 |        3 | 小王   | M      |    89 |
| 10 |        3 | 小丽   | F      |    85 |
+----+----------+--------+--------+-------+
10 rows in set (0.00 sec)
mysql> SELECT * FROM classes;
+----+--------+
| id | name   |
+----+--------+
|  1 | 一班   |
|  2 | 二班   |
|  3 | 三班   |
|  4 | 四班   |
+----+--------+
4 rows in set (0.00 sec)
##过程##



--------------------------------------------------------------------------------------------
--------------------------------------------------------------------------------------------
-reference.1 : https://www.cnblogs.com/lsceng/archive/2007/01/08/615188.html
-reference.2 : https://dev.mysql.com/doc/refman/8.0/en/tutorial.html
