修改数据DELETE。

基本语法：DELETE FROM <表名> WHERE ...;

1. DELETE语句 删除一条记录。 
想删除students表中id=1的记录。
例。
mysql> DELETE FROM students WHERE id=1;
Query OK, 1 row affected (0.06 sec) ---在使用MySQL这类真正的关系数据库时，DELETE语句也会返回删除的行数以及WHERE条件匹配的行数。
mysql> -- 查询并观察结果:
mysql> SELECT * FROM students;
+----+----------+--------+--------+-------+
| id | class_id | name   | gender | score |
+----+----------+--------+--------+-------+
|  2 |        1 | 小红   | F      |    60 |
|  3 |        1 | 小军   | M      |    60 |
|  4 |        1 | 小米   | F      |    60 |
|  5 |        2 | 小牛   | F      |    60 |
|  6 |        2 | 小牛   | M      |    60 |
|  7 |        2 | 小牛   | M      |    60 |
|  8 |        3 | 小新   | F      |    60 |
|  9 |        3 | 小王   | M      |    60 |
| 10 |        3 | 小丽   | F      |    60 |
| 11 |        5 | 新生   | M      |    60 |
| 12 |        2 | 大牛   | M      |    60 |
| 13 |        1 | 大宝   | M      |    60 |
| 14 |        2 | 二宝   | M      |    60 |
+----+----------+--------+--------+-------+
13 rows in set (0.00 sec)

2. DELETE语句 删除多条记录。
注意到：DELETE语句的 WHERE条件也是 用来 筛选 需要删除的行，因此和UPDATE类似，DELETE语句也可以一次删除多条记录：
例子。
mysql> DELETE FROM students WHERE id>=5 AND id<=7;
Query OK, 3 rows affected (0.12 sec) ----在使用MySQL这类真正的关系数据库时，DELETE语句也会返回删除的行数以及WHERE条件匹配的行数。
mysql> -- 查询并观察结果:
mysql> SELECT * FROM students;
+----+----------+--------+--------+-------+
| id | class_id | name   | gender | score |
+----+----------+--------+--------+-------+
|  2 |        1 | 小红   | F      |    60 |
|  3 |        1 | 小军   | M      |    60 |
|  4 |        1 | 小米   | F      |    60 |
|  8 |        3 | 小新   | F      |    60 |
|  9 |        3 | 小王   | M      |    60 |
| 10 |        3 | 小丽   | F      |    60 |
| 11 |        5 | 新生   | M      |    60 |
| 12 |        2 | 大牛   | M      |    60 |
| 13 |        1 | 大宝   | M      |    60 |
| 14 |        2 | 二宝   | M      |    60 |
+----+----------+--------+--------+-------+
10 rows in set (0.00 sec)

3. WHERE条件不匹配，不会报错。
如果WHERE条件没有匹配到任何记录，DELETE语句不会报错，也不会有任何记录被删除。
例子。
mysql> DELETE FROM students WHERE id=999;
Query OK, 0 rows affected (0.00 sec) ---在使用MySQL这类真正的关系数据库时，DELETE语句也会返回删除的行数以及WHERE条件匹配的行数。

mysql> -- 查询并观察结果:
mysql> SELECT * FROM students;
+----+----------+--------+--------+-------+
| id | class_id | name   | gender | score |
+----+----------+--------+--------+-------+
|  2 |        1 | 小红   | F      |    60 |
|  3 |        1 | 小军   | M      |    60 |
|  4 |        1 | 小米   | F      |    60 |
|  8 |        3 | 小新   | F      |    60 |
|  9 |        3 | 小王   | M      |    60 |
| 10 |        3 | 小丽   | F      |    60 |
| 11 |        5 | 新生   | M      |    60 |
| 12 |        2 | 大牛   | M      |    60 |
| 13 |        1 | 大宝   | M      |    60 |
| 14 |        2 | 二宝   | M      |    60 |
+----+----------+--------+--------+-------+
10 rows in set (0.00 sec)

4. NOTE !!!!! 小心 DELETE FROM students;
要特别小心的是，和UPDATE类似，不带WHERE条件的DELETE语句会删除整个表的数据：
DELETE FROM students;
这时，整个表的所有记录都会被删除。所以，在执行DELETE语句时也要非常小心，最好先用SELECT语句来测试WHERE条件是否筛选出了期望的记录集，然后再用DELETE删除。

